speciesId,speciesName,isWild,susceptible,cases,deaths,killed,slaughtered,vaccinated,species,country,eventID
704,Birds,domestic,64893,3698,3698,61195,,,Birds,Hungary,4784
309,Mallard,wild,,2,2,,,,Mallard,Romania,4730
508,Grey Heron,wild,,1,1,0,0,0,Grey Heron,Slovenia,4825
375,Greater White-fronted Goose,wild,,1,1,0,0,0,Greater White-fronted Goose,United Kingdom,4954
508,Grey Heron,wild,,1,1,,,,Grey Heron,Portugal,4744
704,Birds,domestic,19191,1580,1500,17691,0,0,Birds,Niger,4219
704,Birds,domestic,869403,54477,54477,814926,0,0,Birds,Belgium,4621
5352,Lesser sand plover,wild,,1,1,0,0,0,Lesser sand plover,Chinese Taipei,4506
704,Birds,domestic,2023,90,87,1936,0,0,Birds,Russia,4595
180,Wildlife (species unspecified),wild,,,,,,,Wildlife (species unspecified),Cambodia,4949
1455,House Crow,wild,200,20,20,0,0,0,House Crow,Nepal,4937
704,Birds,domestic,15000,1600,1600,13400,0,0,Birds,Norway,4069
75,Accipitridae (unidentified),wild,,15,12,3,0,0,Accipitridae (unidentified),Germany,4128
704,Birds,domestic,460,66,42,349,0,0,Birds,Germany,4128
704,Birds,domestic,1031016,50731,50731,980285,,,Birds,Hungary,4693
1573,Mute Swan,wild,,5,5,,,,Mute Swan,Serbia,4702
704,Birds,domestic,1677,1677,590,1087,,,Birds,Poland,4620
704,Birds,domestic,233351,233287,6465,226845,0,0,Birds,Poland,4770
1388,Rock Pigeon (Rock Dove),wild,,2,2,,,,Rock Pigeon (Rock Dove),Faeroe Islands,4512
704,Birds,domestic,125,,28,12,,,Birds,Faeroe Islands,4512
704,Birds,domestic,800,800,450,350,0,0,Birds,United Kingdom,4809
704,Birds,domestic,809100,145179,62029,747071,,,Birds,Spain,4570
1388,Rock Pigeon (Rock Dove),wild,,1,,1,0,,Rock Pigeon (Rock Dove),Russia,4729
309,Mallard,wild,,2,,2,,,Mallard,Romania,4076
309,Mallard,wild,,1,1,,,,Mallard,Lithuania,4333
704,Birds,domestic,5665,,1530,4135,0,0,Birds,Slovakia,4886
378,Greylag Goose,wild,,3,1,,,,Greylag Goose,Spain,4928
704,Birds,domestic,193872,29483,8300,185572,0,0,Birds,Poland,4055
296,Northern Shoveler,wild,,1,0,1,0,0,Northern Shoveler,Israel,4777
41,Northern Goshawk,wild,,2,2,,,,Northern Goshawk,Sweden,4833
704,Birds,domestic,57,44,44,13,,,Birds,Sweden,4833
75,Accipitridae (unidentified),wild,,3,2,1,0,0,Accipitridae (unidentified),Germany,4279
75,Accipitridae (unidentified),wild,,4,2,2,0,0,Accipitridae (unidentified),Germany,4130
704,Birds,domestic,178,11,11,167,0,0,Birds,Germany,4130
704,Birds,domestic,38,24,24,0,0,0,Birds,Russia,4837
144,Mandarin Duck,wild,,4,0,4,0,0,Mandarin Duck,Chile,4775
704,Birds,domestic,426,46,17,388,0,0,Birds,Chile,4775
378,Greylag Goose,wild,,2,2,,,,Greylag Goose,Serbia,4859
75,Accipitridae (unidentified),wild,,1,1,0,0,0,Accipitridae (unidentified),Germany,4381
704,Birds,domestic,847,106,85,762,0,0,Birds,Germany,4381
309,Mallard,wild,,3,2,1,0,0,Mallard,Czech Republic,4836
704,Birds,domestic,806,297,297,509,0,0,Birds,Czech Republic,4836
5205,Red Fox,wild,,1,1,,,,Red Fox,France,4941
704,Birds,domestic,72,38,25,32,0,0,Birds,United Kingdom,4344
704,Birds,domestic,254827,49521,8846,245981,,,Birds,Portugal,4600
378,Greylag Goose,wild,,1,1,0,0,0,Greylag Goose,Luxembourg,4119
704,Birds,domestic,42,18,18,24,0,0,Birds,Luxembourg,4119
704,Birds,domestic,1615,1050,1050,565,0,,Birds,China (People's Rep. of),2588
704,Birds,domestic,26000,2500,2500,23500,0,0,Birds,Bulgaria,4891
704,Birds,domestic,4194,454,454,3740,,,Birds,Moldova,4456
704,Birds,domestic,272,3,3,186,0,0,Birds,Germany,4779
180,Wildlife (species unspecified),wild,,1,1,0,0,,Wildlife (species unspecified),Hong Kong,1156
704,Birds,domestic,1013440,401977,54096,959344,0,0,Birds,Poland,4047
75,Accipitridae (unidentified),wild,,11,11,0,0,0,Accipitridae (unidentified),Germany,4025
704,Birds,domestic,5173,295,250,4075,24,0,Birds,Germany,4025
5136,Common Murre,wild,,2,2,0,0,0,Common Murre,Greenland,4823
704,Birds,domestic,25208,761,556,24652,0,0,Birds,Germany,4840
704,Birds,domestic,321062,28561,28561,292501,,,Birds,Hungary,4454
180,Wildlife (species unspecified),wild,,1,,0,0,0,Wildlife (species unspecified),Hong Kong,4726
704,Birds,domestic,3314,730,730,2584,,,Birds,Laos,623
704,Birds,domestic,7916,,,7916,,,Birds,Ireland,4724
1573,Mute Swan,wild,,10,10,,0,0,Mute Swan,Slovakia,4860
704,Birds,domestic,75,30,53,22,,,Birds,Slovakia,4860
75,Accipitridae (unidentified),wild,,5,3,2,0,0,Accipitridae (unidentified),Germany,4127
704,Birds,domestic,104586,,555,104031,0,0,Birds,Denmark,4787
704,Birds,domestic,474596,25462,2526,472070,0,0,Birds,Germany,4071
75,Accipitridae (unidentified),wild,,21,20,1,0,0,Accipitridae (unidentified),Germany,4023
704,Birds,domestic,511,132,80,431,0,0,Birds,Germany,4023
1989,Gyrfalcon,wild,,1,1,0,0,0,Gyrfalcon,Mexico,4667
1277,White Stork,wild,,1,1,0,0,0,White Stork,Poland,3872
180,Wildlife (species unspecified),wild,7,7,7,0,0,,Wildlife (species unspecified),Hong Kong,116
704,Birds,domestic,469,23,23,180,,,Birds,Hungary,4834
180,Wildlife (species unspecified),wild,,7,7,0,0,,Wildlife (species unspecified),France,275
2600,Herring Gull,wild,,1,1,0,0,0,Herring Gull,Latvia,3748
2617,Great black-backed Gull,wild,,1,1,,,,Great black-backed Gull,Faeroe Islands,4189
1455,House Crow,wild,,120,120,0,0,,House Crow,India,2766
5393,Peruvian pelican,wild,,172,172,0,0,0,Peruvian pelican,Venezuela,4760
704,Birds,domestic,292159,292159,37474,254581,0,0,Birds,Poland,4793
704,Birds,domestic,4121,920,791,3330,0,,Birds,India,4322
395,Demoiselle Crane,wild,,245,188,,,,Demoiselle Crane,India,4096
309,Mallard,wild,,1,0,1,,,Mallard,Italy,4716
378,Greylag Goose,wild,,1,,1,,,Greylag Goose,Sweden,4681
180,Wildlife (species unspecified),wild,,32,32,0,0,,Wildlife (species unspecified),Russia,149
704,Birds,domestic,532000,,,532000,0,,Birds,Russia,149
704,Birds,domestic,463,216,216,247,,,Birds,Serbia,4692
41,Northern Goshawk,wild,,1,1,,,,Northern Goshawk,Finland,4243
704,Birds,domestic,10503,10053,10053,450,,,Birds,Hungary,4488
704,Birds,domestic,10487,6800,1905,8582,,,Birds,Spain,4786
3964,Black-faced spoonbill,wild,0,2,2,0,0,0,Black-faced spoonbill,Chinese Taipei,4192
704,Birds,domestic,12000,50,50,11950,,,Birds,Italy,4953
704,Birds,domestic,1823,,0,1823,0,,Birds,India,2495
704,Birds,domestic,340000,340000,340000,0,0,0,Birds,Mali,4391
704,Birds,domestic,200481,1866,1866,149072,0,,Birds,India,799
704,Birds,domestic,54400,54400,51900,2500,0,0,Birds,Algeria,4641
704,Birds,domestic,28308,1376,1376,26932,,,Birds,India,4331
704,Birds,domestic,60,20,20,40,,,Birds,Portugal,4214
1573,Mute Swan,wild,,5,5,0,0,0,Mute Swan,Russia,4846
704,Birds,domestic,227438,1746,1746,225692,0,0,Birds,Belgium,4161
704,Birds,domestic,1053,316,316,737,0,0,Birds,Slovenia,4926
704,Birds,domestic,4849,26,26,4823,0,,Birds,India,2808
704,Birds,domestic,223510,223510,26914,,,,Birds,Romania,4862
75,Accipitridae (unidentified),wild,,1,1,0,0,0,Accipitridae (unidentified),Germany,4131
704,Birds,domestic,958,104,83,245,0,0,Birds,Germany,4131
297,Common Teal,wild,,2,0,0,0,,Common Teal,Italy,3447
704,Birds,domestic,24,10,10,14,0,,Birds,Thailand,570
704,Birds,domestic,464,120,120,344,0,,Birds,Cambodia,599
704,Birds,domestic,3000,1105,1105,1895,0,0,Birds,Togo,4033
4865,Common Shelduck,wild,,134,134,0,0,0,Common Shelduck,China (People's Rep. of),4110
704,Birds,domestic,89344,31074,2178,87166,0,0,Birds,Germany,4843
2408,Caspian Tern,wild,,3840,3840,0,0,0,Caspian Tern,Russia,4483
704,Birds,domestic,184,105,104,80,0,0,Birds,Russia,4483
704,Birds,domestic,2000,570,570,1430,0,,Birds,Nepal,1510
704,Birds,domestic,23747,262,262,23485,0,,Birds,India,3532
704,Birds,domestic,27724,164,164,27560,0,,Birds,Nepal,604
704,Birds,domestic,240,240,190,50,0,0,Birds,Reunion,4646
1573,Mute Swan,wild,1,4,5,0,0,0,Mute Swan,Slovakia,4097
704,Birds,domestic,150,66,65,51282,0,,Birds,Malaysia,120
180,Wildlife (species unspecified),wild,,2,0,2,0,0,Wildlife (species unspecified),Panama,4789
704,Birds,domestic,2193,30,7,2186,0,0,Birds,Panama,4789
704,Birds,domestic,156185,10303,10303,145882,0,,Birds,India,3496
704,Birds,domestic,100161,3535,3508,96653,0,0,Birds,Philippines,4376
309,Mallard,wild,,1,1,,,,Mallard,Hungary,4070
180,Wildlife (species unspecified),wild,,1,0,1,0,,Wildlife (species unspecified),Russia,755
1451,Rook,wild,,1,1,,,,Rook,United Kingdom,4669
180,Wildlife (species unspecified),wild,3,3,3,0,0,,Wildlife (species unspecified),Azerbaijan,107
704,Birds,domestic,3070,3070,2160,910,0,,Birds,Vietnam,3191
75,Accipitridae (unidentified),wild,,9,7,2,0,0,Accipitridae (unidentified),Germany,4101
704,Birds,domestic,78,16,15,11,0,0,Birds,Germany,4101
704,Birds,domestic,67968,285,285,67683,0,,Birds,Hong Kong,589
704,Birds,domestic,57369,2191,1391,55978,0,0,Birds,Germany,4059
704,Birds,domestic,80,31,31,49,0,,Birds,Romania,417
1573,Mute Swan,wild,,15,16,0,0,0,Mute Swan,Slovakia,4098
704,Birds,domestic,15500,15500,15000,0,0,0,Birds,Gabon,4461
704,Birds,domestic,27681,150,150,27531,0,,Birds,Netherlands,3448
3666,Brown Pelican,wild,,11,11,0,0,0,Brown Pelican,Guatemala,4903
3664,Dalmatian pelican,wild,,3,3,,,,Dalmatian pelican,Albania,4375
704,Birds,domestic,640,3,3,637,0,0,Birds,Germany,4772
704,Birds,domestic,35,25,25,10,,,Birds,Slovakia,4467
755,Canada Goose,wild,,1,1,0,0,,Canada Goose,United Kingdom,3438
704,Birds,domestic,1590,129,129,1461,,,Birds,Togo,3850
704,Birds,domestic,173,11,5,168,,,Birds,Moldova,4851
704,Birds,domestic,11000,11000,10826,174,0,0,Birds,Cote D'Ivoire,4274
704,Birds,domestic,2800,,400,2400,0,,Birds,Kazakhstan,237
180,Wildlife (species unspecified),wild,,1,1,0,0,,Wildlife (species unspecified),Czech Republic,271
757,Barnacle Goose,wild,,2,2,0,0,0,Barnacle Goose,Denmark,3707
704,Birds,domestic,102,47,47,55,0,,Birds,Denmark,4
704,Birds,domestic,232,48,48,174,0,,Birds,Cambodia,999
704,Birds,domestic,6,6,6,0,0,0,Birds,Slovakia,3672
144,Mandarin Duck,wild,,1,1,,,,Mandarin Duck,Italy,4640
75,Accipitridae (unidentified),wild,,6,6,0,0,0,Accipitridae (unidentified),Germany,4026
704,Birds,domestic,1181,233,228,361,0,0,Birds,Germany,4026
35,Cooper's Hawk,wild,,1,1,0,0,0,Cooper's Hawk,Mexico,4675
704,Birds,domestic,210035,1145,1145,208890,,,Birds,Portugal,4208
704,Birds,domestic,257434,31878,19118,238316,0,0,Birds,Russia,4719
3664,Dalmatian pelican,wild,,5,5,0,0,,Dalmatian pelican,Russia,1739
309,Mallard,wild,5,1,1,,,,Mallard,Portugal,4583
704,Birds,domestic,117,51,51,66,0,0,Birds,Portugal,4583
704,Birds,domestic,50983,1052,1132,49851,,,Birds,Hungary,4089
180,Wildlife (species unspecified),wild,,367,367,0,0,,Wildlife (species unspecified),Russia,878
704,Birds,domestic,424217,376266,376266,47951,0,0,Birds,Russia,4177
704,Birds,domestic,113,7,7,106,0,0,Birds,Slovenia,4202
3964,Black-faced spoonbill,wild,,1,1,0,0,0,Black-faced spoonbill,Hong Kong,4778
704,Birds,domestic,124,1,1,123,0,0,Birds,Russia,4889
704,Birds,domestic,6147,2615,2615,3532,,,Birds,India,4950
75,Accipitridae (unidentified),wild,,2,2,0,0,0,Accipitridae (unidentified),Germany,4215
704,Birds,domestic,1000,500,500,500,0,0,Birds,Niger,4817
704,Birds,domestic,2199,262,262,1937,0,,Birds,Thailand,110
704,Birds,domestic,6627,1926,1926,4149,0,,Birds,Laos,451
3667,Great White Pelican,wild,11563,1016,891,0,0,0,Great White Pelican,Senegal,4308
180,Wildlife (species unspecified),wild,,1,1,0,0,,Wildlife (species unspecified),Israel,1039
75,Accipitridae (unidentified),wild,7,0,0,0,0,0,Accipitridae (unidentified),France,4184
704,Birds,domestic,31728,5388,92,31636,0,0,Birds,Germany,4168
704,Birds,domestic,2617,1332,1322,1295,0,0,Birds,Germany,4140
704,Birds,domestic,37883,3,,37883,,,Birds,Italy,4014
1105,Black Guillemot,wild,,,1,,,,Black Guillemot,Ireland,4524
704,Birds,domestic,54,11,8,46,,,Birds,Ireland,4524
507,Great Egret,wild,,4,4,0,0,0,Great Egret,Czech Republic,4052
704,Birds,domestic,804,117,133,671,0,0,Birds,Czech Republic,4052
704,Birds,domestic,40237,,0,40237,0,,Birds,Netherlands,1511
704,Birds,domestic,18100,7139,1459,16641,,,Birds,Portugal,4197
704,Birds,domestic,4,1,1,2,0,0,Birds,Russia,4771
1573,Mute Swan,wild,,10,10,0,0,0,Mute Swan,Slovenia,4671
2270,White-tailed Eagle,wild,,1,1,,,,White-tailed Eagle,Iceland,4397
180,Wildlife (species unspecified),wild,,1,1,0,0,,Wildlife (species unspecified),United Kingdom,152
2603,Brown-Headed Gull,wild,,273,273,0,0,0,Brown-Headed Gull,China (People's Rep. of),4553
180,Wildlife (species unspecified),wild,,,89,,,,Wildlife (species unspecified),Mongolia,236
704,Birds,domestic,2538,264,260,2278,0,,Birds,Albania,57
704,Birds,domestic,59740,4115,4115,55625,0,,Birds,Thailand,441
704,Birds,domestic,564704,13469,13469,551235,,,Birds,Hungary,4104
704,Birds,domestic,79,7,7,72,0,0,Birds,Portugal,4144
704,Birds,domestic,11769,,2650,9119,,,Birds,Hungary,3656
704,Birds,domestic,489,14,14,475,0,,Birds,Iran,436
323,Anatidae (unidentified),wild,,3,2,1,0,0,Anatidae (unidentified),Germany,4233
180,Wildlife (species unspecified),wild,,9,1,,,,Wildlife (species unspecified),Mongolia,675
704,Birds,domestic,187087,187087,19739,167348,0,0,Birds,Poland,4792
704,Birds,domestic,25680,3282,3282,22398,0,0,Birds,Lesotho,3741
704,Birds,domestic,75558,3344,2794,61624,0,0,Birds,Germany,4530
704,Birds,domestic,7500,7012,211,14289,,,Birds,Norway,4670
180,Wildlife (species unspecified),wild,,3,3,0,0,,Wildlife (species unspecified),Hong Kong,995
704,Birds,domestic,,5,5,0,0,,Birds,Hong Kong,995
180,Wildlife (species unspecified),wild,2,2,2,0,0,,Wildlife (species unspecified),Austria,61
3825,Great Cormorant,wild,,1,1,0,0,0,Great Cormorant,North Macedonia,4336
5205,Red Fox,wild,,,1,,,,Red Fox,Ireland,4324
180,Wildlife (species unspecified),wild,,11,11,0,0,,Wildlife (species unspecified),Czech Republic,124
704,Birds,domestic,94936,54498,31498,63438,0,,Birds,Vietnam,4221
704,Birds,domestic,780845,164795,163146,617699,0,0,Birds,Chinese Taipei,4753
180,Wildlife (species unspecified),wild,,4,4,0,0,,Wildlife (species unspecified),Hong Kong,617
704,Birds,domestic,,11,11,0,0,,Birds,Hong Kong,617
704,Birds,domestic,161523,7335,7335,154188,,,Birds,Hungary,4090
2270,White-tailed Eagle,wild,,2,2,,,,White-tailed Eagle,Sweden,3816
704,Birds,domestic,39391,16439,608,38783,0,0,Birds,Germany,3695
704,Birds,domestic,398441,20182,20182,375849,0,,Birds,India,1648
704,Birds,domestic,28000,700,530,21504,0,,Birds,Niger,8
704,Birds,domestic,98150,21262,10807,87343,0,,Birds,Pakistan,111
323,Anatidae (unidentified),wild,,15,15,0,0,0,Anatidae (unidentified),Germany,4129
704,Birds,domestic,529,86,34,464,0,0,Birds,Germany,4129
704,Birds,domestic,388,168,163,225,0,0,Birds,Philippines,4838
1448,Common Raven,wild,,1,1,,,,Common Raven,United Kingdom,4528
704,Birds,domestic,5,1,1,4,0,0,Birds,United Kingdom,4528
704,Birds,domestic,93,36,36,57,0,0,Birds,Croatia,4111
3824,Cape cormorant,wild,,3994,5587,30,,,Cape cormorant,Namibia,4260
180,Wildlife (species unspecified),wild,100,15,15,,,,Wildlife (species unspecified),Portugal,4216
704,Birds,domestic,247,67,67,180,,,Birds,Portugal,4216
180,Wildlife (species unspecified),wild,,8,9,,,,Wildlife (species unspecified),Switzerland,151
704,Birds,domestic,382,323,292,90,0,0,Birds,Germany,4139
1988,Peregrin falcon,wild,5,3,3,,,,Peregrin falcon,Hungary,4107
704,Birds,domestic,380,102,14,368,,,Birds,Hungary,4107
1455,House Crow,wild,,50,50,,,,House Crow,India,3210
180,Wildlife (species unspecified),wild,,170,170,0,0,,Wildlife (species unspecified),China (People's Rep. of),879
704,Birds,domestic,34706,12884,12884,21612,0,,Birds,Ghana,213
1455,House Crow,wild,,3,3,0,0,,House Crow,India,3172
3623,Passeridae (unidentified),wild,51,0,0,51,0,0,Passeridae (unidentified),Germany,4637
704,Birds,domestic,240423,14209,6716,233707,0,0,Birds,Germany,4637
704,Birds,domestic,161555,1680,1503,160052,0,0,Birds,Germany,4083
387,Anserinae (unidentified),wild,1,1,0,1,0,0,Anserinae (unidentified),Russia,4278
704,Birds,domestic,134586,17166,17166,100870,0,,Birds,India,1169
1654,White-faced Whistling-Duck,wild,,,,,,,White-faced Whistling-Duck,Nigeria,4674
704,Birds,domestic,256198,20241,20241,235957,,,Birds,Hungary,4106
704,Birds,domestic,26600,26600,16600,6000,4000,,Birds,Palestinian Territory,1689
704,Birds,domestic,40,25,15,25,0,,Birds,Palestinian Territory,1721
704,Birds,domestic,2800,623,623,2177,,,Birds,Moldova,4268
704,Birds,domestic,26,12,12,14,0,,Birds,Israel,432
704,Birds,domestic,14850,10,10,14840,0,0,Birds,Germany,4491
180,Wildlife (species unspecified),wild,150,2,0,15,0,,Wildlife (species unspecified),Bosnia and Herzegovina,62
75,Accipitridae (unidentified),wild,,2,2,0,0,0,Accipitridae (unidentified),Germany,3684
704,Birds,domestic,800,,400,400,0,0,Birds,Denmark,4317
704,Birds,domestic,1604,22,22,1582,0,,Birds,Turkey,467
704,Birds,domestic,4363,1545,1545,2818,0,,Birds,Nigeria,511
704,Birds,domestic,18859,193,193,18666,0,0,Birds,Belgium,4385
704,Birds,domestic,34,14,28,6,0,0,Birds,Slovakia,4093
704,Birds,domestic,58,50,50,8,0,,Birds,Cameroon,144
704,Birds,domestic,8429,4011,4011,4418,0,,Birds,Togo,272
180,Wildlife (species unspecified),wild,,171,171,,,,Wildlife (species unspecified),Mongolia,708
704,Birds,domestic,449,227,227,0,0,,Birds,Afghanistan,157
180,Wildlife (species unspecified),wild,2383,50,34,4,0,,Wildlife (species unspecified),Croatia,193
704,Birds,domestic,1216,143,143,875,0,,Birds,Cambodia,791
704,Birds,domestic,100000,58000,58000,42000,0,,Birds,Senegal,3476
704,Birds,domestic,422015,800,800,421215,0,0,Birds,Russia,4040
180,Wildlife (species unspecified),wild,18,,3,11,0,,Wildlife (species unspecified),Poland,420
704,Birds,domestic,695574,4283,1243,575041,0,,Birds,Poland,420
704,Birds,domestic,2048083,2048083,322,2047761,0,,Birds,Turkey,1744
704,Birds,domestic,99714,3721,2285,63141,,,Birds,India,1105
704,Birds,domestic,469101,131,112,466996,0,,Birds,Kuwait,161
307,Eurasian Wigeon,wild,,1,,1,,,Eurasian Wigeon,Norway,4087
704,Birds,domestic,10,4,1,9,0,0,Birds,Iceland,4439
704,Birds,domestic,42039,386,386,41653,,,Birds,Sweden,4174
56,Eurasian Sparrowhawk,wild,8,2,2,6,0,0,Eurasian Sparrowhawk,Cuba,4895
704,Birds,domestic,25,0,0,14,0,0,Birds,Cuba,4895
704,Birds,domestic,25366,11481,3857,21509,0,,Birds,Vietnam,3270
704,Birds,domestic,52,13,13,39,0,0,Birds,Croatia,4245
704,Birds,domestic,7771,4231,4231,3540,0,,Birds,Togo,544
1573,Mute Swan,wild,,6,6,0,0,0,Mute Swan,Latvia,4254
704,Birds,domestic,102042,,879,101163,0,0,Birds,Denmark,4190
704,Birds,domestic,36487,3481,3481,33006,0,,Birds,India,1301
704,Birds,domestic,9103,942,130,8973,0,0,Birds,Germany,4027
704,Birds,domestic,14300,801,800,13500,0,,Birds,Germany,143
180,Wildlife (species unspecified),wild,579,6,6,0,0,,Wildlife (species unspecified),Vietnam,464
1455,House Crow,wild,,148,148,0,0,,House Crow,India,3209
5427,Blue-and-white swallow,wild,,4,4,0,0,0,Blue-and-white swallow,Bolivia,4901
704,Birds,domestic,2,2,0,0,0,,Birds,Nigeria,510
704,Birds,domestic,995100,518189,21582,973518,,,Birds,Italy,4625
704,Birds,domestic,115143,48538,48538,66605,,,Birds,Cote D'Ivoire,3861
827,Eurasian buzzard (common buzzard),wild,,3,3,0,0,0,Eurasian buzzard (common buzzard),Israel,4125
75,Accipitridae (unidentified),wild,,11,11,0,0,0,Accipitridae (unidentified),Germany,4126
704,Birds,domestic,626,113,111,515,0,0,Birds,Germany,4126
704,Birds,domestic,33202,14224,4027,29175,0,0,Birds,Germany,4039
704,Birds,domestic,30000,30000,27000,3000,0,0,Birds,Niger,3607
182,Dovekie,wild,,1,1,,,,Dovekie,United Kingdom,4248
704,Birds,domestic,42,19,14,18,0,0,Birds,United Kingdom,4248
704,Birds,domestic,2100,130,100,1970,0,,Birds,Thailand,94
180,Wildlife (species unspecified),wild,,1,1,0,0,,Wildlife (species unspecified),Bulgaria,106
704,Birds,domestic,204347,2153,144153,63084,0,0,Birds,Czech Republic,4084
180,Wildlife (species unspecified),wild,3000,153,153,0,0,,Wildlife (species unspecified),Iran,68
1450,Carrion Crow,wild,,1,1,,0,0,Carrion Crow,Russia,4433
180,Wildlife (species unspecified),wild,10,10,9,1,0,,Wildlife (species unspecified),Georgia,65
704,Birds,domestic,32000,32000,5000,27000,0,0,Birds,Cote D'Ivoire,4275
704,Birds,domestic,6813,1949,1949,4864,0,,Birds,Nepal,2930
704,Birds,domestic,9312,1026,1026,8286,0,0,Birds,Germany,4714
704,Birds,domestic,808941,1674,1674,807267,0,0,Birds,Czech Republic,4763
180,Wildlife (species unspecified),wild,,56,6,0,0,,Wildlife (species unspecified),Ukraine,158
704,Birds,domestic,5481,407,407,5074,0,,Birds,Myanmar,814
387,Anserinae (unidentified),wild,,1,1,0,0,0,Anserinae (unidentified),Germany,3729
704,Birds,domestic,22,4,4,18,0,,Birds,Djibouti,164
180,Wildlife (species unspecified),wild,112,50,50,0,0,,Wildlife (species unspecified),Poland,123
180,Wildlife (species unspecified),wild,54,2,2,2,0,,Wildlife (species unspecified),Czech Republic,5
3334,Raccoon dog,wild,,1,1,,,,Raccoon dog,Japan,4395
704,Birds,domestic,13,8,8,5,,,Birds,Slovakia,4304
5205,Red Fox,wild,,,1,,,,Red Fox,Ireland,4636
180,Wildlife (species unspecified),wild,,58,58,0,0,,Wildlife (species unspecified),Russia,687
1455,House Crow,wild,,2,2,0,0,,House Crow,India,1508
1455,House Crow,wild,,2,2,0,0,,House Crow,Nepal,1298
704,Birds,domestic,2076755,184776,184776,1891879,0,,Birds,Nepal,1298
704,Birds,domestic,274677,59887,59887,214790,1980,0,Birds,Nepal,4285
704,Birds,domestic,23956,387,267,23569,0,,Birds,Turkey,140
180,Wildlife (species unspecified),wild,,3650,3650,0,0,,Wildlife (species unspecified),China (People's Rep. of),156
704,Birds,domestic,358455,33425,32069,326386,0,,Birds,China (People's Rep. of),156
704,Birds,domestic,1055628,21868,4763,1050865,0,0,Birds,Germany,4541
704,Birds,domestic,5150226,12500,12501,5309726,0,,Birds,Saudi Arabia,409
180,Wildlife (species unspecified),wild,,64,64,0,0,,Wildlife (species unspecified),France,135
704,Birds,domestic,30415,3034,3028,27387,0,,Birds,Malaysia,2628
704,Birds,domestic,,,1,,,,Birds,Hong Kong,979
180,Wildlife (species unspecified),wild,,1,0,2,,,Wildlife (species unspecified),Kuwait,162
704,Birds,domestic,17507,110,110,17397,,,Birds,India,3934
704,Birds,domestic,,2,2,0,0,,Birds,Hong Kong,3113
704,Birds,domestic,1004,44,44,960,0,,Birds,Laos,858
704,Birds,domestic,1880,1040,879,1001,0,0,Birds,Togo,3919
180,Wildlife (species unspecified),wild,50,4,16,0,0,,Wildlife (species unspecified),Italy,95
704,Birds,domestic,,20,1,0,0,,Birds,Italy,95
180,Wildlife (species unspecified),wild,6,1,0,0,0,,Wildlife (species unspecified),Switzerland,468
309,Mallard,wild,,1,1,11,0,0,Mallard,North Macedonia,4329
704,Birds,domestic,6676,5260,5260,1416,0,,Birds,Cambodia,1503
704,Birds,domestic,1135,500,300,835,0,,Birds,Vietnam,2316
704,Birds,domestic,18215,2400,2400,15815,0,0,Birds,Russia,3895
704,Birds,domestic,206000,40000,40000,166000,0,,Birds,Lebanon,1937
704,Birds,domestic,6000,4000,4000,2000,0,,Birds,Pakistan,500
180,Wildlife (species unspecified),wild,1,1,1,0,0,,Wildlife (species unspecified),Germany,46
704,Birds,domestic,4358005,127781,99000,4259005,0,0,Birds,TÃ¼rkiye,4878
704,Birds,domestic,523000,381314,381314,141686,0,0,Birds,Russia,4690
704,Birds,domestic,385635,11162,11162,374473,,,Birds,Hungary,4418
704,Birds,domestic,7850,4500,4500,3350,0,,Birds,China (People's Rep. of),3122
180,Wildlife (species unspecified),wild,,1,1,0,0,,Wildlife (species unspecified),Afghanistan,55
704,Birds,domestic,,24,20,,,,Birds,Afghanistan,55
704,Birds,domestic,17646,1048,1048,16600,0,,Birds,Nepal,813
704,Birds,domestic,63366,3200,3200,60166,,,Birds,Hungary,4706
704,Birds,domestic,8182,1785,1367,6815,0,,Birds,Iran,1127
704,Birds,domestic,5661,5661,5661,0,0,0,Birds,Benin,4198
704,Birds,domestic,120478,117085,72700,41606,0,0,Birds,Guinea,4480
704,Birds,domestic,130,130,123,7,0,,Birds,Burkina Faso,104
180,Wildlife (species unspecified),wild,,1,1,0,0,,Wildlife (species unspecified),Hong Kong,836
704,Birds,domestic,505906,13070,10948,465115,0,,Birds,Korea (Rep. of),90
704,Birds,domestic,2557,98,98,2459,0,,Birds,Nepal,2209
180,Wildlife (species unspecified),wild,,13,13,0,0,,Wildlife (species unspecified),Mongolia,121
754,Brent Goose,wild,,1,1,0,0,,Brent Goose,France,3626
216,Yellow-crowned Parrot,wild,2,0,0,2,0,0,Yellow-crowned Parrot,Colombia,4668
704,Birds,domestic,2978,1437,1095,1881,0,0,Birds,Colombia,4668
309,Mallard,wild,,1,1,0,0,0,Mallard,Slovenia,4203
704,Birds,domestic,2000,752,752,1248,0,0,Birds,Togo,3783
75,Accipitridae (unidentified),wild,,3,3,0,0,0,Accipitridae (unidentified),Germany,4256
704,Birds,domestic,340,44,38,189,0,0,Birds,Germany,4256
704,Birds,domestic,13513,11984,11984,1529,0,0,Birds,Cameroon,4319
704,Birds,domestic,84391,39643,14038,79211,,,Birds,India,4701
704,Birds,domestic,2974,144,144,2830,0,,Birds,Myanmar,1199
180,Wildlife (species unspecified),wild,,2,2,0,0,,Wildlife (species unspecified),Slovakia,117
704,Birds,domestic,346256,134634,134634,211522,0,,Birds,Myanmar,1708
704,Birds,domestic,8476,41,28,8448,0,,Birds,India,3206
704,Birds,domestic,45800,5000,5000,40800,0,,Birds,Palestinian Territory,128
704,Birds,domestic,12492,1520,1520,10972,,,Birds,Hungary,4750
704,Birds,domestic,17,14,14,3,0,0,Birds,Croatia,4486
704,Birds,domestic,131863,33535,33535,98328,0,0,Birds,Russia,4607
704,Birds,domestic,38323,48,48,38275,0,,Birds,Germany,1517
704,Birds,domestic,23098,2578,2578,20520,0,,Birds,India,1012
704,Birds,domestic,15500,353,200,15300,0,,Birds,United Kingdom,404
5205,Red Fox,wild,,1,1,,,,Red Fox,Estonia,4185
180,Wildlife (species unspecified),wild,,1,1,0,0,,Wildlife (species unspecified),Hong Kong,793
2700,Lesser adjutant,wild,,3,3,,,,Lesser adjutant,India,3211
180,Wildlife (species unspecified),wild,,1,1,0,0,,Wildlife (species unspecified),Bulgaria,835
704,Birds,domestic,670,106,106,564,0,,Birds,Saudi Arabia,220
180,Wildlife (species unspecified),wild,39,1,0,0,0,,Wildlife (species unspecified),Germany,630
1573,Mute Swan,wild,,1,1,,,,Mute Swan,Bosnia and Herzegovina,4065
704,Birds,domestic,7876316,8876,61538,7804978,0,0,Birds,Korea (Rep. of),4067
704,Birds,domestic,2218869,1306961,31578,2187291,0,0,Birds,Poland,4050
704,Birds,domestic,344052,2250,1410,338762,3880,0,Birds,Israel,4742
704,Birds,domestic,921145,921145,20636,900501,0,0,Birds,Poland,4794
704,Birds,domestic,57338,4010,4010,53318,0,,Birds,Myanmar,166
297,Common Teal,wild,,1,,6,0,0,Common Teal,Russia,3939
704,Birds,domestic,1,3,3,0,0,0,Birds,Russia,3939
704,Birds,domestic,161,24,24,137,,,Birds,Estonia,4945
180,Wildlife (species unspecified),wild,,3,3,,,,Wildlife (species unspecified),Kazakhstan,109
704,Birds,domestic,9613,4944,200,9413,0,0,Birds,Germany,4874
704,Birds,domestic,376998,,0,376998,0,,Birds,China (People's Rep. of),593
704,Birds,domestic,1304,564,564,740,0,,Birds,Cambodia,1250
704,Birds,domestic,390,68,68,322,0,,Birds,Cambodia,2176
704,Birds,domestic,150,47,47,103,0,,Birds,Laos,2043
3664,Dalmatian pelican,wild,250,64,64,0,0,,Dalmatian pelican,Romania,1723
704,Birds,domestic,30200,2000,1110,29090,0,,Birds,Israel,1751
704,Birds,domestic,94,94,81,13,0,,Birds,Canada,1700
704,Birds,domestic,6000,2500,2500,3500,0,,Birds,Laos,112
704,Birds,domestic,17143,4064,2856,14287,0,,Birds,India,1415
704,Birds,domestic,12897,3235,3235,9316,0,,Birds,Cambodia,1333
316,Gadwall,wild,,1,1,0,0,0,Gadwall,Croatia,4092
704,Birds,domestic,12,11,8,4,0,,Birds,Libya,1716
704,Birds,domestic,7000,338,338,6662,0,,Birds,India,1341
180,Wildlife (species unspecified),wild,17,17,17,0,0,,Wildlife (species unspecified),Greece,67
704,Birds,domestic,326177,3873,3873,318431,0,,Birds,China (People's Rep. of),499
704,Birds,domestic,20100,2548,2548,3292,0,,Birds,India,3168
704,Birds,domestic,8800,4540,4540,4260,0,,Birds,Cambodia,1866
704,Birds,domestic,4920,4870,4470,450,0,0,Birds,Niger,4802
1570,Whooper Swan,wild,,2,2,,,,Whooper Swan,Greece,4165
704,Birds,domestic,4709,710,817,4119,0,,Birds,Indonesia,1046
704,Birds,domestic,62766,56237,1935,60831,0,,Birds,Myanmar,994
704,Birds,domestic,378,318,318,60,0,,Birds,Cambodia,2653
704,Birds,domestic,13000,1000,200,12800,0,,Birds,Israel,1022
704,Birds,domestic,15404,7990,7414,7990,0,,Birds,Vietnam,3135
1388,Rock Pigeon (Rock Dove),wild,,1,1,0,0,,Rock Pigeon (Rock Dove),Bulgaria,1696
704,Birds,domestic,22,22,20,2,0,,Birds,Bulgaria,1696
704,Birds,domestic,684,351,180,0,504,,Birds,Benin,423
1455,House Crow,wild,,3,3,0,0,,House Crow,India,1718
704,Birds,domestic,224109,42167,42167,181942,0,,Birds,India,1718
180,Wildlife (species unspecified),wild,1,1,1,0,0,,Wildlife (species unspecified),Spain,15
704,Birds,domestic,127,99,75,52,0,,Birds,Romania,831
704,Birds,domestic,227002,127040,12219,214783,0,0,Birds,Poland,4183
704,Birds,domestic,11633,1610,1580,10053,0,,Birds,Nepal,2560
704,Birds,domestic,860,32,32,662,0,,Birds,India,2153
704,Birds,domestic,31589,5829,5829,25760,0,,Birds,Myanmar,2332
704,Birds,domestic,137,76,76,61,0,,Birds,India,3207
309,Mallard,wild,277,12,0,277,0,0,Mallard,Czech Republic,4457
704,Birds,domestic,340723,4001,4001,336722,0,,Birds,Germany,277
704,Birds,domestic,1086,302,302,784,0,,Birds,Cambodia,197
704,Birds,domestic,115,2,2,113,0,,Birds,Israel,852
951,Coyote,wild,,1,,1,,,Coyote,United States of America,4451
1054,Cats,domestic,,4,1,3,,,Cats,United States of America,4451
180,Wildlife (species unspecified),wild,,336,3,0,0,,Wildlife (species unspecified),Germany,125
704,Birds,domestic,7608337,115718,115717,4325509,0,,Birds,India,435
375,Greater White-fronted Goose,wild,,1,1,0,0,0,Greater White-fronted Goose,Ireland,4049
508,Grey Heron,wild,,2,2,0,0,0,Grey Heron,Switzerland,4108
704,Birds,domestic,30,22,22,8,0,0,Birds,Switzerland,4108
704,Birds,domestic,280995,153709,152936,929,15957,,Birds,Burkina Faso,1725
704,Birds,domestic,39800,,0,39800,0,,Birds,United Kingdom,1893
180,Wildlife (species unspecified),wild,,44,44,0,0,,Wildlife (species unspecified),Denmark,187
704,Birds,domestic,15573247,10654,10570,15562677,0,0,Birds,Japan,4689
56,Eurasian Sparrowhawk,wild,,3,3,,,,Eurasian Sparrowhawk,Austria,4710
704,Birds,domestic,597,40,30,356,,,Birds,Austria,4710
180,Wildlife (species unspecified),wild,1,22,22,0,0,,Wildlife (species unspecified),Hong Kong,1157
704,Birds,domestic,20905,3,2,20904,0,,Birds,Hong Kong,1157
180,Wildlife (species unspecified),wild,,4,4,0,0,,Wildlife (species unspecified),Nepal,1150
704,Birds,domestic,43639,31429,31429,12210,0,,Birds,Nepal,1150
704,Birds,domestic,120151,64407,41574,78577,0,,Birds,Vietnam,1441
704,Birds,domestic,1920382,43787,43787,1876595,,,Birds,Hungary,4411
41,Northern Goshawk,wild,,1,1,0,0,0,Northern Goshawk,Poland,4063
180,Wildlife (species unspecified),wild,539,145,154,0,0,,Wildlife (species unspecified),Romania,195
704,Birds,domestic,5828,2445,1586,4262,0,,Birds,Romania,195
180,Wildlife (species unspecified),wild,39,17,16,23,0,,Wildlife (species unspecified),Nigeria,88
704,Birds,domestic,326201,227514,222780,145584,0,,Birds,Nigeria,88
375,Greater White-fronted Goose,wild,,1,1,,,,Greater White-fronted Goose,Japan,4288
704,Birds,domestic,123074,2284,2284,86338,0,,Birds,Myanmar,1934
388,Bar-headed Goose,wild,,,415,0,0,,Bar-headed Goose,China (People's Rep. of),1626
704,Birds,domestic,181026,50022,28646,152128,0,,Birds,China (People's Rep. of),1626
704,Birds,domestic,230,39,10,220,0,,Birds,Iran,2254
3104,Northern Gannet,wild,,1,1,,,,Northern Gannet,Portugal,4508
704,Birds,domestic,800,500,300,500,0,,Birds,Vietnam,2039
704,Birds,domestic,65463,1600,807,64656,0,,Birds,Hungary,73
180,Wildlife (species unspecified),wild,1,1,1,0,0,,Wildlife (species unspecified),Cote D'Ivoire,64
704,Birds,domestic,3188,1822,718,5,1100,,Birds,Cote D'Ivoire,64
180,Wildlife (species unspecified),wild,1,1,1,0,0,,Wildlife (species unspecified),Japan,224
704,Birds,domestic,169500,7332,7332,162168,0,,Birds,Japan,224
180,Wildlife (species unspecified),wild,,1159,1159,0,0,,Wildlife (species unspecified),India,1187
75,Accipitridae (unidentified),wild,,1,0,1,0,0,Accipitridae (unidentified),Germany,3732
388,Bar-headed Goose,wild,,1,1,0,0,,Bar-headed Goose,India,3531
290,American wigeon,wild,,,,,,,American wigeon,United States of America,1690
3844,Phasianidae (unidentified),wild,,20,20,55,0,0,Phasianidae (unidentified),North Macedonia,4705
180,Wildlife (species unspecified),wild,200,2,2,0,0,,Wildlife (species unspecified),Hong Kong,448
387,Anserinae (unidentified),wild,,4,4,0,0,0,Anserinae (unidentified),Germany,3749
180,Wildlife (species unspecified),wild,,8,8,0,0,,Wildlife (species unspecified),Japan,481
180,Wildlife (species unspecified),wild,,3,3,0,0,,Wildlife (species unspecified),Mongolia,1042
1455,House Crow,wild,,92,64,28,0,,House Crow,Bangladesh,2432
704,Birds,domestic,271400,15200,15000,256400,0,,Birds,Israel,10
1455,House Crow,wild,,40,40,0,0,,House Crow,Bangladesh,1914
1455,House Crow,wild,,144,144,0,0,,House Crow,Bangladesh,2167
3667,Great White Pelican,wild,16000,500,495,495,0,,Great White Pelican,Mauritania,3540
704,Birds,domestic,296000,1,1,296000,0,,Birds,Azerbaijan,108
180,Wildlife (species unspecified),wild,11,11,10,1,0,,Wildlife (species unspecified),United Kingdom,434
1054,Cats,domestic,,1,1,,,,Cats,France,4807
1455,House Crow,wild,,253,253,0,0,,House Crow,India,2484
704,Birds,domestic,45,28,18,27,0,,Birds,Laos,2714
3664,Dalmatian pelican,wild,,2,2,0,0,,Dalmatian pelican,Kazakhstan,1757
3579,Tiger,wild,8,2,2,0,0,,Tiger,China (People's Rep. of),1707
1455,House Crow,wild,,166,124,42,,,House Crow,Bangladesh,2250
75,Accipitridae (unidentified),wild,,1,1,,,,Accipitridae (unidentified),Spain,4231
704,Birds,domestic,672615,3779,3562,669073,0,,Birds,India,584
704,Birds,domestic,48891,20891,13226,35665,0,,Birds,Vietnam,2200
180,Wildlife (species unspecified),wild,,8,8,0,0,,Wildlife (species unspecified),Ukraine,439
704,Birds,domestic,25009,176,176,15006,0,,Birds,Ukraine,439
704,Birds,domestic,28,10,10,18,0,0,Birds,Chinese Taipei,4916
704,Birds,domestic,118650,94040,94040,24610,0,0,Birds,Mali,3686
704,Birds,domestic,6105,7,4,6101,,,Birds,Austria,4847
378,Greylag Goose,wild,,1,,,,,Greylag Goose,Ireland,4735
704,Birds,domestic,9447,1760,1760,7687,0,,Birds,India,1903
704,Birds,domestic,706600,170272,40603,129669,0,,Birds,Korea (Dem People's Rep. of),1529
41,Northern Goshawk,wild,,2,2,,,,Northern Goshawk,Estonia,3756
704,Birds,domestic,3000,13,13,61,0,,Birds,Bhutan,2053
704,Birds,domestic,104470,3000,1800,102670,0,,Birds,Czech Republic,266
704,Birds,domestic,11503,66,66,11437,0,,Birds,Nepal,964
318,Asian Openbill,wild,1,1,1,0,0,,Asian Openbill,Nepal,2230
704,Birds,domestic,2000,264,264,1359,0,,Birds,Bhutan,2867
704,Birds,domestic,18,18,7,11,0,0,Birds,Reunion,4645
704,Birds,domestic,39000,,0,39000,0,,Birds,United States of America,1940
704,Birds,domestic,25472,1000,1000,24472,0,,Birds,China (People's Rep. of),2856
704,Birds,domestic,5610,128,119,5487,0,,Birds,Turkey,440
704,Birds,domestic,4130,652,652,3478,0,,Birds,Iraq,105
704,Birds,domestic,56,20,16,40,0,,Birds,Germany,427
704,Birds,domestic,35000,3600,3448,3152,0,,Birds,Togo,2309
704,Birds,domestic,3200,2600,600,2600,0,,Birds,Vietnam,2353
704,Birds,domestic,1800,1700,1700,100,0,,Birds,Turkey,209
704,Birds,domestic,1434,1,0,1434,0,,Birds,Germany,554
2623,Black-headed Gull,wild,,1,1,0,0,,Black-headed Gull,Hong Kong,1334
704,Birds,domestic,159000,7000,2500,152000,0,,Birds,United Kingdom,127
704,Birds,domestic,50,19,15,35,0,,Birds,Libya,1518
704,Birds,domestic,186615,173966,173966,12649,0,0,Birds,Russia,4303
704,Birds,domestic,65,65,49,16,0,0,Birds,Romania,4321
704,Birds,domestic,1990,1827,1827,163,0,,Birds,Cambodia,3490
180,Wildlife (species unspecified),wild,,29,19,10,0,,Wildlife (species unspecified),Cambodia,1086
704,Birds,domestic,38,37,0,38,0,,Birds,Chinese Taipei,1262
704,Birds,domestic,16916,2830,2019,14897,0,,Birds,China (People's Rep. of),615
704,Birds,domestic,33600,,204,33396,0,0,Birds,Denmark,4711
514,Indian Pond Heron,wild,,1,1,0,0,,Indian Pond Heron,India,2776
704,Birds,domestic,144,134,133,11,0,,Birds,India,290
704,Birds,domestic,274116,14050,6300,267816,0,,Birds,China (People's Rep. of),1285
704,Birds,domestic,129546,8200,8200,121346,0,,Birds,India,1946
704,Birds,domestic,25,8,8,17,0,0,Birds,Botswana,3924
704,Birds,domestic,54000,0,0,54000,0,,Birds,United States of America,287
378,Greylag Goose,wild,,1,1,,,,Greylag Goose,Serbia,4034
704,Birds,domestic,191,10,10,,,,Birds,Serbia,4034
3664,Dalmatian pelican,wild,,10,10,0,0,0,Dalmatian pelican,Montenegro,4396
704,Birds,domestic,6022,1306,1306,4716,0,,Birds,Cambodia,1090
704,Birds,domestic,169334,87685,45808,123076,,,Birds,India,4171
704,Birds,domestic,,,,1043834,0,,Birds,India,100
704,Birds,domestic,407,35,35,372,0,,Birds,China (People's Rep. of),1368
704,Birds,domestic,33,6,6,27,0,0,Birds,Czech Republic,3971
704,Birds,domestic,41497,5464,5464,4633,0,,Birds,Laos,150
180,Wildlife (species unspecified),wild,7,7,7,,,,Wildlife (species unspecified),Hungary,72
704,Birds,domestic,9191,7045,4625,4566,0,,Birds,Vietnam,1797
309,Mallard,wild,,1,0,1,0,,Mallard,Russia,1766
704,Birds,domestic,505,155,155,350,0,,Birds,Cambodia,1947
704,Birds,domestic,11700,10500,400,11300,0,,Birds,France,133
704,Birds,domestic,5001,3629,3629,1372,0,,Birds,Togo,2534
704,Birds,domestic,3558,24,18,2970,0,,Birds,Bhutan,823
704,Birds,domestic,8897,,0,8897,0,,Birds,France,2517
704,Birds,domestic,34025,34025,24774,9251,,,Birds,Romania,4365
704,Birds,domestic,94614,122,1,94613,0,,Birds,Germany,1323
1455,House Crow,wild,,200,200,0,0,,House Crow,Nepal,2847
704,Birds,domestic,2372,2372,1348,1024,0,,Birds,India,3140
704,Birds,domestic,2440,2440,2290,0,0,,Birds,Niger,1736
704,Birds,domestic,1120,,,1120,0,,Birds,Vietnam,2905
704,Birds,domestic,150000,117842,117842,32158,0,0,Birds,Burkina Faso,4267
704,Birds,domestic,211154,,,211154,0,0,Birds,Ireland,4086
3667,Great White Pelican,wild,8887,822,822,0,0,,Great White Pelican,Senegal,3534
704,Birds,domestic,4751,174,174,4577,0,,Birds,India,2775
1455,House Crow,wild,120,15,15,0,0,0,House Crow,Nepal,4337
704,Birds,domestic,3362,2164,2164,1198,0,,Birds,Cambodia,63
3844,Phasianidae (unidentified),wild,685,205,205,480,,,Phasianidae (unidentified),Bulgaria,4138
704,Birds,domestic,296627,151,1263,118074,,,Birds,Bulgaria,4138
704,Birds,domestic,119559,90907,89007,30544,8,,Birds,Niger,1953
704,Birds,domestic,7775,7775,7634,141,0,0,Birds,Russia,4562
704,Birds,domestic,94555,514,488,7455,0,,Birds,Bhutan,1167
704,Birds,domestic,19431,8362,5554,13877,0,,Birds,Vietnam,1665
704,Birds,domestic,51000,19500,10500,40500,0,,Birds,Israel,1206
704,Birds,domestic,621,8,0,621,0,,Birds,Germany,2112
704,Birds,domestic,3000,8145,5343,2802,0,,Birds,Bangladesh,2162
704,Birds,domestic,45464,4239,3300,42164,0,,Birds,Vietnam,1868
704,Birds,domestic,2000,1346,1346,654,0,,Birds,Cambodia,1421
704,Birds,domestic,26977,13106,13106,13871,0,,Birds,India,2765
75,Accipitridae (unidentified),wild,,3,3,0,0,0,Accipitridae (unidentified),Germany,3498
704,Birds,domestic,37,16,16,21,0,,Birds,Bhutan,1734
704,Birds,domestic,132,22,22,110,0,,Birds,India,1671
704,Birds,domestic,1369518,35877,12623,1356895,0,,Birds,China (People's Rep. of),1152
704,Birds,domestic,5773,5658,270,5503,0,,Birds,Vietnam,2774
704,Birds,domestic,28350,588,530,27800,0,0,Birds,Niger,3582
704,Birds,domestic,19336,14495,14495,4841,0,,Birds,Laos,2338
704,Birds,domestic,67,67,67,0,0,,Birds,Malaysia,250
704,Birds,domestic,5280626,48929,42276,5238350,0,,Birds,China (People's Rep. of),1486
1444,Corvidae (unidentified),wild,,23,23,,,,Corvidae (unidentified),India,2128
704,Birds,domestic,7469,2121,2121,4333,0,,Birds,India,2128
704,Birds,domestic,50150,39860,39860,10290,0,0,Birds,Mali,3663
704,Birds,domestic,108,3,3,105,,,Birds,Moldova,4565
704,Birds,domestic,2000,2000,2000,0,0,,Birds,Palestinian Territory,1015
704,Birds,domestic,72,72,72,0,0,0,Birds,Russia,4651
704,Birds,domestic,19639,19639,7968,11626,45,,Birds,Ghana,2598
704,Birds,domestic,1053,127,127,926,0,,Birds,India,3497
704,Birds,domestic,5193,,,5193,0,,Birds,Denmark,2936
704,Birds,domestic,1539,509,849,690,0,,Birds,Laos,3386
704,Birds,domestic,13591,1500,1500,12091,0,,Birds,Nepal,2552
704,Birds,domestic,2745,440,436,2309,0,,Birds,Russia,1617
704,Birds,domestic,349611,7001,7001,342610,,,Birds,Hungary,4427
704,Birds,domestic,20,14047,6047,8003,0,,Birds,United Kingdom,3452
704,Birds,domestic,25,19,17,8,0,,Birds,Iran,1771
704,Birds,domestic,46,28,28,18,0,0,Birds,Germany,3705
704,Birds,domestic,180,69,58,122,0,0,Birds,Russia,4568
704,Birds,domestic,48000,,0,48000,0,,Birds,Denmark,3115
704,Birds,domestic,14372,11300,11300,3030,0,,Birds,Togo,2011
180,Wildlife (species unspecified),wild,,,283,0,0,,Wildlife (species unspecified),China (People's Rep. of),668
704,Birds,domestic,23693,0,0,23693,0,,Birds,China (People's Rep. of),668
704,Birds,domestic,677,359,359,318,0,,Birds,Bhutan,2502
704,Birds,domestic,5094046,272665,93590,4964129,0,0,Birds,United Kingdom,4644
323,Anatidae (unidentified),wild,,4,4,,,,Anatidae (unidentified),Austria,4105
704,Birds,domestic,128,73,53,75,0,0,Birds,Austria,4105
704,Birds,domestic,176778,105110,83135,73294,234,,Birds,Cote D'Ivoire,1760
704,Birds,domestic,58828,,120,58708,0,,Birds,France,2115
704,Birds,domestic,195597,87370,87370,107327,0,,Birds,Sudan,75
2977,Striped Skunk,wild,,32,13,5,,,Striped Skunk,Canada,4438
180,Wildlife (species unspecified),wild,,1,0,1,0,,Wildlife (species unspecified),Japan,963
704,Birds,domestic,1861047,2203,2203,1858844,0,,Birds,Japan,963
704,Birds,domestic,100688,18632,18632,82056,0,,Birds,Nepal,2839
704,Birds,domestic,5744398,1673975,364417,3344581,0,0,Birds,Mexico,4762
704,Birds,domestic,230914,99205,36168,194746,0,0,Birds,Bolivia,4870
378,Greylag Goose,wild,,2,2,0,0,0,Greylag Goose,Iceland,4443
704,Birds,domestic,2823035,512948,512948,2310087,0,,Birds,Iraq,1988
704,Birds,domestic,718599,77101,77101,641498,0,,Birds,Iraq,1938
41,Northern Goshawk,wild,,1,1,,,,Northern Goshawk,Norway,4266
704,Birds,domestic,1045698,41880,25358,1020340,0,0,Birds,Israel,4004
704,Birds,domestic,686246,23237,23212,663034,0,,Birds,Korea (Rep. of),470
704,Birds,domestic,133290,47562,47562,85592,0,,Birds,Cameroon,1951
75,Accipitridae (unidentified),wild,,25,24,1,0,0,Accipitridae (unidentified),Germany,4012
704,Birds,domestic,352,108,85,251,0,0,Birds,Germany,4012
180,Wildlife (species unspecified),wild,113,25,24,0,0,,Wildlife (species unspecified),Korea (Rep. of),968
704,Birds,domestic,1435945,39649,39569,1396376,0,,Birds,Korea (Rep. of),968
704,Birds,domestic,1183218,1050894,817965,365253,,,Birds,Spain,4252
704,Birds,domestic,4960925,210537,201388,3745780,128000,0,Birds,South Africa,3649
41,Northern Goshawk,wild,,1,1,0,0,0,Northern Goshawk,Netherlands,4051
704,Birds,domestic,987,31,16,971,0,0,Birds,Netherlands,4051
704,Birds,domestic,875398,108480,107726,668049,0,,Birds,Nigeria,1687
3664,Dalmatian pelican,wild,,85,85,0,0,0,Dalmatian pelican,Russia,3786
704,Birds,domestic,1725,561,561,1164,0,0,Birds,Russia,3786
323,Anatidae (unidentified),wild,,2,,2,,,Anatidae (unidentified),Switzerland,4733
704,Birds,domestic,100,25,1,59,0,0,Birds,Switzerland,4733
180,Wildlife (species unspecified),wild,15220,744,744,558,0,,Wildlife (species unspecified),Russia,235
704,Birds,domestic,1686082,23675,23675,599689,0,,Birds,Russia,235
704,Birds,domestic,736598,44679,44435,253812,0,,Birds,Russia,141
3666,Brown Pelican,wild,,324,209,115,0,0,Brown Pelican,Honduras,4824
41,Northern Goshawk,wild,,1,1,,,,Northern Goshawk,Belgium,4073
704,Birds,domestic,15221,2296,1120,10387,0,0,Birds,Belgium,4073
180,Wildlife (species unspecified),wild,,16,10,0,0,,Wildlife (species unspecified),Turkey,165
704,Birds,domestic,256617,6841,6762,259074,0,,Birds,Turkey,165
41,Northern Goshawk,wild,,2,2,,,,Northern Goshawk,Sweden,4048
704,Birds,domestic,152,87,74,78,,,Birds,Sweden,4048
704,Birds,domestic,1737512,1617,1604,1735908,0,0,Birds,Japan,4072
180,Wildlife (species unspecified),wild,14,64,64,10,0,,Wildlife (species unspecified),Japan,978
704,Birds,domestic,15165,262,117,15048,0,,Birds,Malaysia,2225
41,Northern Goshawk,wild,,4,4,,,,Northern Goshawk,Finland,3723
180,Wildlife (species unspecified),wild,,64,64,19,0,,Wildlife (species unspecified),Sweden,147
704,Birds,domestic,692,1,0,692,0,,Birds,Sweden,147
180,Wildlife (species unspecified),wild,4,4,4,0,0,,Wildlife (species unspecified),Pakistan,134
704,Birds,domestic,225238,103980,76867,146971,0,,Birds,Pakistan,134
704,Birds,domestic,484378,13224,13224,438475,785,,Birds,Myanmar,50
5153,Spur-winged Lapwing,wild,,1,0,1,0,,Spur-winged Lapwing,Israel,1688
704,Birds,domestic,303000,52400,22630,126940,0,,Birds,Israel,1688
704,Birds,domestic,1120378,11040,67605,1052773,,,Birds,Hungary,4077
704,Birds,domestic,8397,6249,6249,2148,0,,Birds,Cambodia,2419
704,Birds,domestic,5436770,40388,10672,5425898,0,0,Birds,Netherlands,4031
704,Birds,domestic,1210906,1210906,906765,304141,0,0,Birds,Ecuador,4748
1388,Rock Pigeon (Rock Dove),wild,,2,2,0,0,0,Rock Pigeon (Rock Dove),Russia,4484
704,Birds,domestic,7965,1010,1008,6958,0,0,Birds,Russia,4484
704,Birds,domestic,21060,5634,5634,15426,0,,Birds,India,3090
704,Birds,domestic,1915656,203017,255769,1659837,0,0,Birds,Philippines,4328
41,Northern Goshawk,wild,,4,4,,,,Northern Goshawk,Japan,4634
704,Birds,domestic,143085,38385,38067,103723,336,,Birds,Ghana,1762
56,Eurasian Sparrowhawk,wild,,16,16,,,,Eurasian Sparrowhawk,United Kingdom,4643
704,Birds,domestic,1746,425,271,1447,0,0,Birds,United Kingdom,4643
704,Birds,domestic,102887,1601,1594,101293,0,,Birds,France,1876
297,Common Teal,wild,,1,1,0,0,,Common Teal,Netherlands,3374
704,Birds,domestic,276984,149058,149058,54835,0,,Birds,Ukraine,210
704,Birds,domestic,37506,2471,2471,35035,0,,Birds,Myanmar,388
297,Common Teal,wild,2,2,2,,,,Common Teal,Italy,4060
35,Cooper's Hawk,wild,1,5,4,,,,Cooper's Hawk,Canada,4191
704,Birds,domestic,3200,1381,1358,1842,0,0,Birds,Canada,4191
704,Birds,domestic,3250644,324599,118686,3131945,0,0,Birds,United Kingdom,4056
180,Wildlife (species unspecified),wild,,328,328,0,0,,Wildlife (species unspecified),Germany,269
704,Birds,domestic,2322021,2308809,510087,1811934,0,1500,Birds,Nigeria,3533
704,Birds,domestic,7171006,320710,319153,6851853,0,0,Birds,Canada,4294
309,Mallard,wild,400,412,12,400,0,0,Mallard,France,4075
704,Birds,domestic,10943,5741,1272,9215,0,0,Birds,France,4075
704,Birds,domestic,417892,170250,114503,289541,0,,Birds,Vietnam,76
289,Northern Pintail,wild,,1,0,1,0,0,Northern Pintail,Denmark,4028
704,Birds,domestic,194,2,35,159,0,0,Birds,Denmark,4028
704,Birds,domestic,2427109,174317,171549,2158166,1748,,Birds,Nigeria,1682
41,Northern Goshawk,wild,,1,1,,,,Northern Goshawk,United Kingdom,4030
704,Birds,domestic,4082,686,473,3320,0,0,Birds,United Kingdom,4030
704,Birds,domestic,2744471,431981,431981,2282756,0,,Birds,Bangladesh,192
35,Cooper's Hawk,wild,,,,,,,Cooper's Hawk,United States of America,4247
704,Birds,domestic,25394,39,5269,19055,,,Birds,United States of America,4247
180,Wildlife (species unspecified),wild,191,19,2,106,0,,Wildlife (species unspecified),Egypt,77
704,Birds,domestic,10104608,1096752,1091739,8968819,0,,Birds,Egypt,77
704,Birds,domestic,59123493,,1455865,57659764,,,Birds,United States of America,4309
704,Birds,domestic,20755218,16880900,436573,20774621,0,0,Birds,France,4116
180,Wildlife (species unspecified),wild,92,92,34,58,0,,Wildlife (species unspecified),Romania,153
704,Birds,domestic,728767,51351,23479,30288,0,,Birds,Romania,153
180,Wildlife (species unspecified),wild,,7,13,0,0,,Wildlife (species unspecified),Slovenia,131
704,Birds,domestic,5795,2272,2272,3523,0,,Birds,Thailand,19
704,Birds,domestic,9597,9597,5097,4500,0,0,Birds,Ghana,3826
309,Mallard,wild,,1,1,0,0,0,Mallard,Cyprus,4768
704,Birds,domestic,,4,,846,0,0,Birds,Cyprus,4768
704,Birds,domestic,43000,1000,592,42408,0,,Birds,Israel,807
3329,Eurasian Curlew,wild,,1,1,0,0,0,Eurasian Curlew,Hong Kong,4271
704,Birds,domestic,226000,166000,44000,122000,0,,Birds,Korea (Dem People's Rep. of),1369
3964,Black-faced spoonbill,wild,,1,1,0,0,0,Black-faced spoonbill,Hong Kong,4188
704,Birds,domestic,48,29,29,19,,,Birds,Moldova,4718
704,Birds,domestic,116053,113065,3028,113025,0,0,Birds,Poland,4535
704,Birds,domestic,52356,15307,15307,37049,0,0,Birds,Nepal,4884
704,Birds,domestic,1167,32024,17345,264,0,,Birds,Cambodia,809
704,Birds,domestic,11450,1801,1801,9649,0,0,Birds,Togo,4246
704,Birds,domestic,20074,21,20,18000,0,,Birds,Jordan,113
704,Birds,domestic,100,1,1,99,0,0,Birds,Russia,4852
704,Birds,domestic,54000,873,803,3135,0,,Birds,Indonesia,99
704,Birds,domestic,6747,281,231,5369,0,,Birds,Laos,542
144,Mandarin Duck,wild,,2,0,0,0,0,Mandarin Duck,Korea (Rep. of),4045
704,Birds,domestic,13810459,10503865,6821301,6988956,,,Birds,Italy,4017
180,Wildlife (species unspecified),wild,,13,5,0,0,0,Wildlife (species unspecified),South Africa,3733
704,Birds,domestic,2162,678,673,54,0,0,Birds,South Africa,3733
